--
-- PostgreSQL database dump
--

-- Dumped from database version 15.7 (Debian 15.7-1.pgdg120+1)
-- Dumped by pg_dump version 16.0

-- Started on 2024-07-01 19:28:44

SET statement_timeout = 0;
SET lock_timeout = 0;
SET idle_in_transaction_session_timeout = 0;
SET client_encoding = 'UTF8';
SET standard_conforming_strings = on;
SELECT pg_catalog.set_config('search_path', '', false);
SET check_function_bodies = false;
SET xmloption = content;
SET client_min_messages = warning;
SET row_security = off;

SET default_tablespace = '';

SET default_table_access_method = heap;

--
-- TOC entry 215 (class 1259 OID 41532)
-- Name: admission_committee; Type: TABLE; Schema: public; Owner: postgres
--

CREATE TABLE public.admission_committee (
    admission_year integer,
    id bigint NOT NULL,
    address character varying(255)
);


ALTER TABLE public.admission_committee OWNER TO postgres;

--
-- TOC entry 214 (class 1259 OID 41531)
-- Name: admission_committee_id_seq; Type: SEQUENCE; Schema: public; Owner: postgres
--

ALTER TABLE public.admission_committee ALTER COLUMN id ADD GENERATED BY DEFAULT AS IDENTITY (
    SEQUENCE NAME public.admission_committee_id_seq
    START WITH 1
    INCREMENT BY 1
    NO MINVALUE
    NO MAXVALUE
    CACHE 1
);


--
-- TOC entry 217 (class 1259 OID 41538)
-- Name: applicant; Type: TABLE; Schema: public; Owner: postgres
--

CREATE TABLE public.applicant (
    gold_medal boolean,
    score integer,
    admission_committee_id bigint,
    exam_id bigint,
    id bigint NOT NULL,
    specialty_id bigint,
    full_name character varying(255)
);


ALTER TABLE public.applicant OWNER TO postgres;

--
-- TOC entry 216 (class 1259 OID 41537)
-- Name: applicant_id_seq; Type: SEQUENCE; Schema: public; Owner: postgres
--

ALTER TABLE public.applicant ALTER COLUMN id ADD GENERATED BY DEFAULT AS IDENTITY (
    SEQUENCE NAME public.applicant_id_seq
    START WITH 1
    INCREMENT BY 1
    NO MINVALUE
    NO MAXVALUE
    CACHE 1
);


--
-- TOC entry 219 (class 1259 OID 41544)
-- Name: discipline; Type: TABLE; Schema: public; Owner: postgres
--

CREATE TABLE public.discipline (
    id bigint NOT NULL,
    specialty_id bigint,
    name character varying(255)
);


ALTER TABLE public.discipline OWNER TO postgres;

--
-- TOC entry 218 (class 1259 OID 41543)
-- Name: discipline_id_seq; Type: SEQUENCE; Schema: public; Owner: postgres
--

ALTER TABLE public.discipline ALTER COLUMN id ADD GENERATED BY DEFAULT AS IDENTITY (
    SEQUENCE NAME public.discipline_id_seq
    START WITH 1
    INCREMENT BY 1
    NO MINVALUE
    NO MAXVALUE
    CACHE 1
);


--
-- TOC entry 221 (class 1259 OID 41550)
-- Name: exam; Type: TABLE; Schema: public; Owner: postgres
--

CREATE TABLE public.exam (
    exam_result integer,
    minimum_score integer,
    discipline_id bigint,
    id bigint NOT NULL,
    teacher_id bigint,
    exam_time character varying(255)
);


ALTER TABLE public.exam OWNER TO postgres;

--
-- TOC entry 220 (class 1259 OID 41549)
-- Name: exam_id_seq; Type: SEQUENCE; Schema: public; Owner: postgres
--

ALTER TABLE public.exam ALTER COLUMN id ADD GENERATED BY DEFAULT AS IDENTITY (
    SEQUENCE NAME public.exam_id_seq
    START WITH 1
    INCREMENT BY 1
    NO MINVALUE
    NO MAXVALUE
    CACHE 1
);


--
-- TOC entry 223 (class 1259 OID 41556)
-- Name: specialty; Type: TABLE; Schema: public; Owner: postgres
--

CREATE TABLE public.specialty (
    number integer,
    passing_score integer,
    seats integer,
    id bigint NOT NULL,
    name character varying(255)
);


ALTER TABLE public.specialty OWNER TO postgres;

--
-- TOC entry 222 (class 1259 OID 41555)
-- Name: specialty_id_seq; Type: SEQUENCE; Schema: public; Owner: postgres
--

ALTER TABLE public.specialty ALTER COLUMN id ADD GENERATED BY DEFAULT AS IDENTITY (
    SEQUENCE NAME public.specialty_id_seq
    START WITH 1
    INCREMENT BY 1
    NO MINVALUE
    NO MAXVALUE
    CACHE 1
);


--
-- TOC entry 225 (class 1259 OID 41562)
-- Name: student; Type: TABLE; Schema: public; Owner: postgres
--

CREATE TABLE public.student (
    competition_position integer,
    applicant_id bigint,
    id bigint NOT NULL,
    groupa character varying(255)
);


ALTER TABLE public.student OWNER TO postgres;

--
-- TOC entry 224 (class 1259 OID 41561)
-- Name: student_id_seq; Type: SEQUENCE; Schema: public; Owner: postgres
--

ALTER TABLE public.student ALTER COLUMN id ADD GENERATED BY DEFAULT AS IDENTITY (
    SEQUENCE NAME public.student_id_seq
    START WITH 1
    INCREMENT BY 1
    NO MINVALUE
    NO MAXVALUE
    CACHE 1
);


--
-- TOC entry 227 (class 1259 OID 41570)
-- Name: teacher; Type: TABLE; Schema: public; Owner: postgres
--

CREATE TABLE public.teacher (
    id bigint NOT NULL,
    full_name character varying(255),
    phone_number character varying(255)
);


ALTER TABLE public.teacher OWNER TO postgres;

--
-- TOC entry 226 (class 1259 OID 41569)
-- Name: teacher_id_seq; Type: SEQUENCE; Schema: public; Owner: postgres
--

ALTER TABLE public.teacher ALTER COLUMN id ADD GENERATED BY DEFAULT AS IDENTITY (
    SEQUENCE NAME public.teacher_id_seq
    START WITH 1
    INCREMENT BY 1
    NO MINVALUE
    NO MAXVALUE
    CACHE 1
);


--
-- TOC entry 3395 (class 0 OID 41532)
-- Dependencies: 215
-- Data for Name: admission_committee; Type: TABLE DATA; Schema: public; Owner: postgres
--

COPY public.admission_committee (admission_year, id, address) FROM stdin;
2024	1	Ул пушкиня)) 131
\.


--
-- TOC entry 3397 (class 0 OID 41538)
-- Dependencies: 217
-- Data for Name: applicant; Type: TABLE DATA; Schema: public; Owner: postgres
--

COPY public.applicant (gold_medal, score, admission_committee_id, exam_id, id, specialty_id, full_name) FROM stdin;
t	232	1	3	1	2	Игоревский Е.А.
f	412	1	4	2	5	Чечел С.Ы.
f	144	1	1	3	1	Черных Н.Е.
t	12	1	3	4	5	Чебурек А.А.
f	234	1	2	5	4	Черчиич Е.Е.
t	124	1	5	6	3	Калалала К.А.
f	64	1	1	7	1	Бурбздум О.П.
\.


--
-- TOC entry 3399 (class 0 OID 41544)
-- Dependencies: 219
-- Data for Name: discipline; Type: TABLE DATA; Schema: public; Owner: postgres
--

COPY public.discipline (id, specialty_id, name) FROM stdin;
1	5	Математика
2	2	Теория вероятностей
3	1	Термодинамика
4	5	Алгебра))
5	4	Русский язык
\.


--
-- TOC entry 3401 (class 0 OID 41550)
-- Dependencies: 221
-- Data for Name: exam; Type: TABLE DATA; Schema: public; Owner: postgres
--

COPY public.exam (exam_result, minimum_score, discipline_id, id, teacher_id, exam_time) FROM stdin;
64	54	2	1	5	12
25	22	1	2	3	44
11	12	3	3	2	223
432	500	3	4	2	11
123	11	4	5	1	12
\.


--
-- TOC entry 3403 (class 0 OID 41556)
-- Dependencies: 223
-- Data for Name: specialty; Type: TABLE DATA; Schema: public; Owner: postgres
--

COPY public.specialty (number, passing_score, seats, id, name) FROM stdin;
33	112	645	1	Физика
41	532	4	2	Теория возможностей
12	232	22	3	Прогромисты
12	321	33	4	Руски язык\n
23	123	12	5	Матаматика
\.


--
-- TOC entry 3405 (class 0 OID 41562)
-- Dependencies: 225
-- Data for Name: student; Type: TABLE DATA; Schema: public; Owner: postgres
--

COPY public.student (competition_position, applicant_id, id, groupa) FROM stdin;
3	3	1	ЖЭЭ-113
2	1	2	ГЭЭ-111
1	2	3	УЭЭ-112
\.


--
-- TOC entry 3407 (class 0 OID 41570)
-- Dependencies: 227
-- Data for Name: teacher; Type: TABLE DATA; Schema: public; Owner: postgres
--

COPY public.teacher (id, full_name, phone_number) FROM stdin;
1	Джава Е.Е.	+2342342323423
2	Спинг П.Г.	+2344234234
3	Жиес А.Е.	+723472347234
4	Чухчух Е.Е.	+67734593495
5	Сухов А.Ш.	+8123123123
\.


--
-- TOC entry 3413 (class 0 OID 0)
-- Dependencies: 214
-- Name: admission_committee_id_seq; Type: SEQUENCE SET; Schema: public; Owner: postgres
--

SELECT pg_catalog.setval('public.admission_committee_id_seq', 1, true);


--
-- TOC entry 3414 (class 0 OID 0)
-- Dependencies: 216
-- Name: applicant_id_seq; Type: SEQUENCE SET; Schema: public; Owner: postgres
--

SELECT pg_catalog.setval('public.applicant_id_seq', 7, true);


--
-- TOC entry 3415 (class 0 OID 0)
-- Dependencies: 218
-- Name: discipline_id_seq; Type: SEQUENCE SET; Schema: public; Owner: postgres
--

SELECT pg_catalog.setval('public.discipline_id_seq', 5, true);


--
-- TOC entry 3416 (class 0 OID 0)
-- Dependencies: 220
-- Name: exam_id_seq; Type: SEQUENCE SET; Schema: public; Owner: postgres
--

SELECT pg_catalog.setval('public.exam_id_seq', 5, true);


--
-- TOC entry 3417 (class 0 OID 0)
-- Dependencies: 222
-- Name: specialty_id_seq; Type: SEQUENCE SET; Schema: public; Owner: postgres
--

SELECT pg_catalog.setval('public.specialty_id_seq', 5, true);


--
-- TOC entry 3418 (class 0 OID 0)
-- Dependencies: 224
-- Name: student_id_seq; Type: SEQUENCE SET; Schema: public; Owner: postgres
--

SELECT pg_catalog.setval('public.student_id_seq', 3, true);


--
-- TOC entry 3419 (class 0 OID 0)
-- Dependencies: 226
-- Name: teacher_id_seq; Type: SEQUENCE SET; Schema: public; Owner: postgres
--

SELECT pg_catalog.setval('public.teacher_id_seq', 7, true);


--
-- TOC entry 3230 (class 2606 OID 41536)
-- Name: admission_committee admission_committee_pkey; Type: CONSTRAINT; Schema: public; Owner: postgres
--

ALTER TABLE ONLY public.admission_committee
    ADD CONSTRAINT admission_committee_pkey PRIMARY KEY (id);


--
-- TOC entry 3232 (class 2606 OID 41542)
-- Name: applicant applicant_pkey; Type: CONSTRAINT; Schema: public; Owner: postgres
--

ALTER TABLE ONLY public.applicant
    ADD CONSTRAINT applicant_pkey PRIMARY KEY (id);


--
-- TOC entry 3234 (class 2606 OID 41548)
-- Name: discipline discipline_pkey; Type: CONSTRAINT; Schema: public; Owner: postgres
--

ALTER TABLE ONLY public.discipline
    ADD CONSTRAINT discipline_pkey PRIMARY KEY (id);


--
-- TOC entry 3236 (class 2606 OID 41554)
-- Name: exam exam_pkey; Type: CONSTRAINT; Schema: public; Owner: postgres
--

ALTER TABLE ONLY public.exam
    ADD CONSTRAINT exam_pkey PRIMARY KEY (id);


--
-- TOC entry 3238 (class 2606 OID 41560)
-- Name: specialty specialty_pkey; Type: CONSTRAINT; Schema: public; Owner: postgres
--

ALTER TABLE ONLY public.specialty
    ADD CONSTRAINT specialty_pkey PRIMARY KEY (id);


--
-- TOC entry 3240 (class 2606 OID 41568)
-- Name: student student_applicant_id_key; Type: CONSTRAINT; Schema: public; Owner: postgres
--

ALTER TABLE ONLY public.student
    ADD CONSTRAINT student_applicant_id_key UNIQUE (applicant_id);


--
-- TOC entry 3242 (class 2606 OID 41566)
-- Name: student student_pkey; Type: CONSTRAINT; Schema: public; Owner: postgres
--

ALTER TABLE ONLY public.student
    ADD CONSTRAINT student_pkey PRIMARY KEY (id);


--
-- TOC entry 3244 (class 2606 OID 41576)
-- Name: teacher teacher_pkey; Type: CONSTRAINT; Schema: public; Owner: postgres
--

ALTER TABLE ONLY public.teacher
    ADD CONSTRAINT teacher_pkey PRIMARY KEY (id);


--
-- TOC entry 3245 (class 2606 OID 41577)
-- Name: applicant fk5apl9ot0yftlbu5rcdu8lbsbc; Type: FK CONSTRAINT; Schema: public; Owner: postgres
--

ALTER TABLE ONLY public.applicant
    ADD CONSTRAINT fk5apl9ot0yftlbu5rcdu8lbsbc FOREIGN KEY (admission_committee_id) REFERENCES public.admission_committee(id);


--
-- TOC entry 3246 (class 2606 OID 41582)
-- Name: applicant fk748ap581jlso6f6moa6vxg41c; Type: FK CONSTRAINT; Schema: public; Owner: postgres
--

ALTER TABLE ONLY public.applicant
    ADD CONSTRAINT fk748ap581jlso6f6moa6vxg41c FOREIGN KEY (exam_id) REFERENCES public.exam(id);


--
-- TOC entry 3248 (class 2606 OID 41592)
-- Name: discipline fk8p3xggd37v4460ywbu388ciu8; Type: FK CONSTRAINT; Schema: public; Owner: postgres
--

ALTER TABLE ONLY public.discipline
    ADD CONSTRAINT fk8p3xggd37v4460ywbu388ciu8 FOREIGN KEY (specialty_id) REFERENCES public.specialty(id);


--
-- TOC entry 3251 (class 2606 OID 41607)
-- Name: student fkdxr3c0wf1mpw6cyo18rre2e6b; Type: FK CONSTRAINT; Schema: public; Owner: postgres
--

ALTER TABLE ONLY public.student
    ADD CONSTRAINT fkdxr3c0wf1mpw6cyo18rre2e6b FOREIGN KEY (applicant_id) REFERENCES public.applicant(id);


--
-- TOC entry 3249 (class 2606 OID 41602)
-- Name: exam fkjec5s2h8jopopj59fxrn7pspn; Type: FK CONSTRAINT; Schema: public; Owner: postgres
--

ALTER TABLE ONLY public.exam
    ADD CONSTRAINT fkjec5s2h8jopopj59fxrn7pspn FOREIGN KEY (teacher_id) REFERENCES public.teacher(id);


--
-- TOC entry 3250 (class 2606 OID 41597)
-- Name: exam fkqssaoaebbfdcdtfmolko1clq4; Type: FK CONSTRAINT; Schema: public; Owner: postgres
--

ALTER TABLE ONLY public.exam
    ADD CONSTRAINT fkqssaoaebbfdcdtfmolko1clq4 FOREIGN KEY (discipline_id) REFERENCES public.discipline(id);


--
-- TOC entry 3247 (class 2606 OID 41587)
-- Name: applicant fksgm9t1mijvq8e0ptfybkft80l; Type: FK CONSTRAINT; Schema: public; Owner: postgres
--

ALTER TABLE ONLY public.applicant
    ADD CONSTRAINT fksgm9t1mijvq8e0ptfybkft80l FOREIGN KEY (specialty_id) REFERENCES public.specialty(id);


-- Completed on 2024-07-01 19:28:44

--
-- PostgreSQL database dump complete
--

